timestamp,subject_id,frame,global_distress,face_confidence,pain_index,fear_index,fatigue_index,agitation_index,tension_index,respiratory_index,au4,au5,au6,au7,au9,au10,au12,au15,au17,au20,au23,au24,au25,au26,au43,mar,episode_pain,episode_agitation,episode_fatigue,episode_fear,episode_eye_closure,gaze_yaw,gaze_pitch,gaze_variance,fixation_duration,recent_saccades,mean_gaze_speed,max_gaze_speed,eye_contact_ratio,behavior_state,baseline_ready
1784613638.1759,P001,1,33.17,0.0,26.67,30.41,100.0,12.14,24.53,0.0,0.0,0.0,0.0,0.0,0.0,0.0,0.5688,0.0022,0.0,0.8792,0.3989,0.9706,0.0,0.0,1.0,0.0026,False,False,False,False,False,-0.0871,-0.3942,0,0.0,0,0,0,0.0,drowsy,0
1784613638.4179,P001,2,34.09,0.386,29.04,30.38,98.76,14.05,24.42,0.0,0.0,0.0,0.0988,0.0,0.0,0.0,0.5634,0.0,0.0,0.8756,0.3988,0.9636,0.0,0.0,0.9902,0.0032,False,False,False,False,False,-0.0133,-0.4102,0,0.0,0,0,0,0.0,drowsy,0
1784613638.5846,P001,3,34.07,0.461,29.24,30.22,99.69,12.65,24.53,0.0,0.0,0.0,0.0965,0.0,0.0,0.0,0.5556,0.0003,0.0,0.8704,0.3992,0.9702,0.0,0.0,1.0,0.0027,False,False,False,False,False,-0.1059,-0.3269,0,0.0,0,0,0,0.0,drowsy,0
1784613638.7611,P001,4,34.24,0.512,29.37,31.03,99.6,12.69,24.6,0.0,0.0,0.0,0.1013,0.0,0.0,0.0,0.5945,0.0,0.0,0.8964,0.3998,0.974,0.0,0.0,1.0,0.0023,False,False,False,False,False,-0.0539,-0.3878,0,0.0,0,0,0,0.0,drowsy,0
1784613638.9083,P001,5,34.18,0.551,29.31,31.44,99.89,11.77,24.59,0.0,0.0,0.0,0.0991,0.0,0.0,0.0,0.6157,0.0008,0.0,0.9105,0.3998,0.9734,0.0,0.0,1.0,0.0023,False,False,False,False,False,-0.073,-0.3836,0,0.0,0,0,0,0.0,drowsy,0
1784613639.0629,P001,6,34.09,0.582,29.12,31.27,99.94,11.68,24.6,0.0,0.0,0.0,0.0921,0.0,0.0,0.0,0.607,0.0,0.0,0.9047,0.3998,0.9734,0.0,0.0,1.0,0.0023,False,False,False,False,False,-0.0835,-0.3883,0,0.0,0,0,0,0.0,drowsy,0
1784613639.2128,P001,7,34.08,0.61,29.27,30.86,99.9,11.75,24.6,0.0,0.0,0.0,0.0978,0.0,0.0,0.0,0.5874,0.0,0.0,0.8916,0.3998,0.9737,0.0,0.0,1.0,0.0023,False,False,False,False,False,-0.0872,-0.3696,0,0.0,0,0,0,0.0,eye_closed,0
1784613639.3683,P001,8,34.1,0.634,29.31,30.99,99.97,11.57,24.62,0.0,0.0,0.0,0.0993,0.0,0.0,0.0,0.594,0.0,0.0,0.896,0.3999,0.9745,0.0,0.0,1.0,0.0022,False,False,False,False,False,-0.0886,-0.3672,0,0.0,0,0,0,0.0,eye_closed,0
1784613639.5125,P001,9,34.05,0.654,28.83,31.28,99.81,12.16,24.68,0.0,0.0,0.0,0.081,0.0,0.0,0.0,0.6088,0.0,0.0,0.9058,0.3994,0.9795,0.0,0.0,1.0,0.0018,False,False,False,False,False,-0.0289,-0.3282,0,0.0,0,0,0,0.0,eye_closed,0
1784613639.6551,P001,10,34.09,0.672,28.8,31.78,99.91,11.95,24.68,0.0,0.0,0.0,0.08,0.0,0.0,0.0,0.6328,0.0027,0.0,0.9218,0.3992,0.9798,0.0,0.0,1.0,0.0017,False,False,False,False,False,-0.0163,-0.3267,0,0.0,0,0,0,0.0,eye_closed,0
1784613639.8208,P001,11,34.3,0.69,29.08,32.27,99.77,12.36,24.67,0.0,0.0,0.0,0.0905,0.0,0.0,0.0,0.653,0.0,0.0,0.9354,0.3993,0.979,0.0,0.0,1.0,0.0018,False,False,False,False,False,-0.0561,-0.3263,0,0.0,0,0,0,0.0,eye_closed,0
1784613640.0565,P001,12,34.23,0.708,29.08,31.98,99.87,12.02,24.7,0.0,0.0,0.0,0.0905,0.0,0.0,0.0,0.6378,0.0,0.0,0.9252,0.3991,0.9813,0.0,0.0,1.0,0.0016,False,False,False,False,False,-0.0382,-0.3821,0,0.0,0,0,0,0.0,eye_closed,0
1784613640.2056,P001,13,34.2,0.724,28.98,32.19,99.92,11.84,24.68,0.0,0.0,0.0,0.0866,0.0,0.0,0.0,0.6501,0.0,0.0,0.9334,0.3989,0.9803,0.0,0.0,1.0,0.0017,False,False,False,False,False,-0.0396,-0.3806,0,0.0,0,0,0,0.0,eye_closed,0
1784613640.3502,P001,14,34.15,0.738,28.85,32.18,99.96,11.74,24.69,0.0,0.0,0.0,0.0818,0.0,0.0,0.0,0.6495,0.0,0.0,0.933,0.3989,0.981,0.0,0.0,1.0,0.0016,False,False,False,False,False,-0.0396,-0.3806,0,0.0,0,0,0,0.0,eye_closed,0
1784613640.5361,P001,15,34.18,0.751,28.86,32.28,99.95,11.85,24.7,0.0,0.0,0.0,0.0821,0.0,0.0,0.0,0.6547,0.0,0.0,0.9364,0.3988,0.9822,0.0,0.0,1.0,0.0015,False,False,False,False,False,-0.0172,-0.3715,0,0.0,0,0,0,0.0,eye_closed,0
1784613640.6883,P001,16,34.14,0.764,28.79,32.16,99.94,11.87,24.69,0.0,0.0,0.0,0.0797,0.0,0.0,0.0,0.6489,0.0,0.0,0.9326,0.3989,0.9813,0.0,0.0,1.0,0.0016,False,False,False,False,False,0.008,-0.3525,0,0.0,0,0,0,0.0,eye_closed,0
1784613640.8575,P001,17,34.15,0.764,28.85,32.1,99.93,11.89,24.7,0.0,0.0,0.0,0.0818,0.0,0.0,0.0,0.6469,0.0,0.0,0.9313,0.3988,0.9822,0.0,0.0,1.0,0.0015,False,False,False,False,False,0.0026,-0.3435,0,0.0,0,0,0,0.0,eye_closed,0
1784613641.005,P001,18,34.25,0.766,29.12,31.97,99.8,12.12,24.7,0.0,0.0,0.0,0.092,0.0,0.0,0.0,0.641,0.0,0.0,0.9273,0.3989,0.9817,0.0,0.0,1.0,0.0016,False,False,False,False,False,0.008,-0.369,0,0.0,0,0,0,0.0,eye_closed,0
1784613641.1826,P001,19,34.25,0.766,29.06,32.39,99.9,11.79,24.66,0.0,0.0,0.0,0.0899,0.0,0.0,0.0,0.6613,0.0,0.0,0.9409,0.3991,0.9786,0.0,0.0,1.0,0.0018,False,False,False,False,False,0.0088,-0.3699,0,0.0,0,0,0,0.0,eye_closed,0
1784613641.3254,P001,20,34.24,0.766,29.11,32.23,99.9,11.81,24.61,0.0,0.0,0.0,0.0916,0.0,0.0,0.0,0.6529,0.0,0.0,0.9353,0.3991,0.9755,0.0,0.0,1.0,0.0021,False,False,False,False,False,0.0184,-0.3651,0,0.0,0,0,0,0.0,eye_closed,0
1784613641.4773,P001,21,34.35,0.766,29.31,32.41,99.84,11.96,24.64,0.0,0.0,0.0,0.0992,0.0,0.0,0.0,0.6618,0.0,0.0,0.9412,0.399,0.9775,0.0,0.0,1.0,0.0019,False,False,False,False,False,0.0296,-0.3624,0,0.0,0,0,0,0.0,eye_closed,0
1784613641.6345,P001,22,34.26,0.765,29.07,32.18,99.8,12.13,24.75,0.0,0.0,0.0,0.09,0.0,0.0,0.0,0.6494,0.014,0.0,0.9329,0.3991,0.9846,0.0,0.0,1.0,0.0013,False,False,False,False,False,-0.0111,-0.3455,0,0.0,0,0,0,0.0,eye_closed,0
1784613641.7815,P001,23,34.19,0.766,28.94,32.21,99.92,11.76,24.75,0.0,0.0,0.0,0.0854,0.0,0.0,0.0,0.6498,0.0175,0.0,0.9332,0.3991,0.9846,0.0,0.0,1.0,0.0013,False,False,False,False,False,-0.0155,-0.3419,0,0.0,0,0,0,0.0,eye_closed,0
1784613641.9463,P001,24,34.17,0.766,28.9,32.19,99.94,11.71,24.74,0.0,0.0,0.0,0.0839,0.0,0.0,0.0,0.6496,0.02,0.0,0.9331,0.399,0.9845,0.0,0.0,1.0,0.0013,False,False,False,False,False,-0.0146,-0.3436,0,0.0,0,0,0,0.0,eye_closed,0
1784613642.0946,P001,25,34.17,0.766,28.94,32.14,99.96,11.66,24.74,0.0,0.0,0.0,0.0853,0.0,0.0,0.0,0.6472,0.0192,0.0,0.9314,0.3991,0.9844,0.0,0.0,1.0,0.0013,False,False,False,False,False,-0.0099,-0.3362,0,0.0,0,0,0,0.0,eye_closed,0
1784613642.2516,P001,26,34.12,0.767,28.78,32.16,99.91,11.73,24.78,0.0,0.0,0.0,0.0794,0.0,0.0,0.0,0.6484,0.0189,0.0,0.9323,0.3989,0.9869,0.0,0.0,1.0,0.0011,False,False,False,False,False,-0.0274,-0.281,0,0.0,0,0,0,0.0,eye_closed,0
1784613642.409,P001,27,33.91,0.767,28.35,31.72,99.88,11.82,24.73,0.0,0.0,0.0,0.0632,0.0,0.0,0.0,0.6288,0.0251,0.0,0.9192,0.3992,0.9835,0.0,0.0,1.0,0.0014,False,False,False,False,False,-0.0369,-0.2809,0,0.0,0,0,0,0.0,eye_closed,0
1784613642.5657,P001,28,33.95,0.768,28.55,31.76,99.94,11.56,24.69,0.0,0.0,0.0,0.0704,0.0,0.0,0.0,0.6322,0.0226,0.0,0.9214,0.3994,0.98,0.0,0.0,1.0,0.0017,False,False,False,False,False,-0.0263,-0.2811,0,0.0,0,0,0,0.0,eye_closed,0
1784613642.7286,P001,29,33.98,0.767,28.56,31.9,99.95,11.56,24.67,0.0,0.0,0.0,0.0711,0.0,0.0,0.0,0.6384,0.0199,0.0,0.9256,0.3996,0.9789,0.0,0.0,1.0,0.0018,False,False,False,False,False,-0.0252,-0.2803,0,0.0,0,0,0,0.0,eye_closed,0
1784613642.8818,P001,30,34.05,0.767,28.81,31.69,99.89,11.73,24.72,0.0,0.0,0.0,0.0804,0.0,0.0,0.0,0.6277,0.0194,0.0,0.9185,0.3992,0.9825,0.0,0.0,1.0,0.0015,False,False,False,False,False,-0.0347,-0.2875,0,0.0,0,0,0,0.0,eye_closed,0
1784613643.0365,P001,31,33.92,0.767,28.35,31.24,99.57,12.72,24.65,0.0,0.0,0.0,0.063,0.0,0.0,0.0,0.6085,0.014,0.0,0.9057,0.399,0.9782,0.0,0.0,1.0,0.0019,False,False,False,False,False,-0.0613,-0.3097,0,0.0,0,0,0,0.0,eye_closed,0
1784613643.1976,P001,32,34.06,0.767,28.61,31.96,99.73,12.28,24.55,0.0,0.0,0.0,0.073,0.0,0.0,0.0,0.646,0.0118,0.0,0.9307,0.399,0.972,0.0,0.0,1.0,0.0024,False,False,False,False,False,-0.0148,-0.31,0,0.0,0,0,0,0.0,eye_closed,0
1784613643.3547,P001,33,34.35,0.768,29.06,32.72,99.72,12.26,24.72,0.0,0.0,0.0,0.0899,0.0,0.0,0.0,0.6819,0.0,0.0,0.9546,0.3983,0.984,0.0,0.0,1.0,0.0014,False,False,False,False,False,0.0491,-0.3571,0,0.0,0,0,0,0.0,eye_closed,0
1784613643.4992,P001,34,34.16,0.767,29.06,31.6,99.83,12.05,24.7,0.0,0.0,0.0,0.0896,0.0,0.0,0.0,0.6275,0.0,0.0,0.9183,0.3988,0.9822,0.0,0.0,1.0,0.0015,False,False,False,False,False,0.0794,-0.3547,0,0.0,0,0,0,0.0,eye_closed,0
1784613643.6553,P001,35,33.89,0.764,28.08,31.28,99.46,13.26,24.68,0.0,0.0,0.0,0.0529,0.0,0.0,0.0,0.6097,0.0026,0.0,0.9065,0.3989,0.9804,0.0,0.0,1.0,0.0017,False,False,False,False,False,-0.0116,-0.3274,0,0.0,0,0,0,0.0,eye_closed,0
1784613643.8132,P001,36,34.09,0.763,28.78,31.21,99.67,12.78,24.73,0.0,0.0,0.0,0.0794,0.0,0.0,0.0,0.6091,0.0112,0.0,0.9061,0.3983,0.985,0.0,0.0,1.0,0.0013,False,False,False,False,False,0.0994,-0.3902,0,0.0,0,0,0,0.0,eye_closed,0
1784613643.9698,P001,37,33.98,0.764,28.67,30.86,99.77,12.49,24.8,0.0,0.0,0.0,0.0752,0.0,0.0,0.0,0.595,0.0086,0.0,0.8967,0.3981,0.9895,0.0,0.0,1.0,0.0009,False,False,False,False,False,0.0394,-0.4336,0,0.0,0,0,0,0.0,eye_closed,0
1784613644.1199,P001,38,33.98,0.765,28.83,30.82,99.92,12.0,24.8,0.0,0.0,0.0,0.0812,0.0,0.0,0.0,0.5929,0.0042,0.0,0.8953,0.3983,0.9897,0.0,0.0,1.0,0.0009,False,False,False,False,False,0.0551,-0.4479,0,0.0,0,0,0,0.0,eye_closed,0
1784613644.2863,P001,39,34.0,0.764,28.54,31.05,99.66,12.81,24.82,0.0,0.0,0.0,0.0703,0.0,0.0,0.0,0.603,0.0108,0.0,0.902,0.398,0.9911,0.0,0.0,1.0,0.0008,False,False,False,False,False,0.0318,-0.4153,0,0.0,0,0,0,0.0,eye_closed,0
1784613644.4216,P001,40,34.02,0.763,28.77,30.96,99.68,12.53,24.75,0.0,0.0,0.0,0.0804,0.0,0.0,0.0,0.6014,0.0032,0.0,0.9009,0.3981,0.9868,0.0,0.0,0.9983,0.0012,False,False,False,False,False,0.1367,-0.3761,0,0.0,0,0,0,0.0,eye_closed,0
1784613644.5763,P001,41,34.18,0.764,29.27,30.84,99.75,12.46,24.78,0.0,0.0,0.0,0.0978,0.0,0.0,0.0,0.5912,0.013,0.0,0.8942,0.398,0.9884,0.0,0.0,1.0,0.001,False,False,False,False,False,0.0503,-0.3088,0,0.0,0,0,0,0.0,eye_closed,0
1784613644.7263,P001,42,34.2,0.77,29.47,30.98,99.74,12.02,24.72,0.0,0.0,0.0,0.1052,0.0,0.0,0.0,0.5964,0.0,0.0,0.8976,0.3984,0.9843,0.0,0.0,1.0,0.0014,False,False,False,False,False,0.0024,-0.264,0,0.0,0,0,0,0.0,eye_closed,0
1784613644.8701,P001,43,34.24,0.765,29.35,31.1,99.68,12.59,24.64,0.0,0.0,0.0,0.1005,0.0,0.0,0.0,0.6019,0.0,0.0,0.9013,0.3985,0.9785,0.0,0.0,1.0,0.0019,False,False,False,False,False,0.0587,-0.3146,0,0.0,0,0,0,0.0,eye_closed,0
1784613645.0335,P001,44,34.34,0.762,29.78,30.91,99.89,12.22,24.66,0.0,0.0,0.0,0.1169,0.0,0.0,0.0,0.592,0.0,0.0,0.8947,0.3988,0.9792,0.0,0.0,1.0,0.0018,False,False,False,False,False,0.0624,-0.2998,0,0.0,0,0,0,0.0,eye_closed,0
1784613645.2311,P001,45,34.39,0.762,29.79,30.86,99.7,12.78,24.67,0.0,0.0,0.0,0.117,0.0,0.0,0.0,0.5889,0.0,0.0,0.8926,0.399,0.9797,0.0,0.0,1.0,0.0018,False,False,True,False,True,0.0458,-0.3279,0,0.0,0,0,0,0.0,eye_closed,0
1784613645.3819,P001,46,34.19,0.766,29.64,31.49,98.67,12.15,24.67,0.0,0.0,0.0,0.1361,0.0,0.0,0.0,0.623,0.0007,0.0,0.9154,0.3993,0.9794,0.0,0.0,0.9752,0.0018,False,False,True,False,True,0.0654,-0.3401,0,0.0,0,0,0,0.0,eye_closed,0
1784613645.5372,P001,47,34.03,0.768,29.53,31.3,98.48,11.75,24.7,0.0,0.0,0.0,0.1388,0.0,0.0,0.0,0.6132,0.0,0.0,0.9088,0.3991,0.9811,0.0,0.0,0.9684,0.0016,False,False,True,False,True,0.0117,-0.2941,0,0.0,0,0,0,0.0,eye_closed,0
1784613645.6937,P001,48,34.11,0.768,29.68,31.53,98.33,11.82,24.71,0.0,0.0,0.0,0.1474,0.0,0.0,0.0,0.6227,0.0,0.0,0.9151,0.3989,0.9828,0.0,0.0,0.9658,0.0015,False,False,True,False,True,0.0406,-0.2771,0,0.0,0,0,0,0.0,eye_closed,0
1784613645.8534,P001,49,34.11,0.767,29.83,31.24,98.38,11.75,24.68,0.0,0.0,0.0,0.1526,0.0,0.0,0.0,0.6089,0.0,0.0,0.906,0.399,0.9804,0.0,0.0,0.9661,0.0017,False,False,True,False,True,0.0426,-0.2772,0,0.0,0,0,0,0.0,eye_closed,0
1784613646.0099,P001,50,34.11,0.767,29.76,31.19,98.54,11.79,24.69,0.0,0.0,0.0,0.1461,0.0,0.0,0.0,0.6058,0.0,0.0,0.9038,0.3988,0.9812,0.0,0.0,0.97,0.0016,False,False,True,False,True,0.0441,-0.3205,0,0.0,0,0,0,0.0,eye_closed,0
1784613646.1841,P001,51,34.4,0.764,29.82,31.82,98.91,12.7,24.47,0.0,0.0,0.0,0.1345,0.0,0.0,0.0,0.6362,0.0,0.0,0.9242,0.4,0.965,0.0,0.0,0.9837,0.003,False,False,True,False,True,0.0768,-0.3244,0,0.0,0,0,0,0.0,eye_closed,0
1784613646.3245,P001,52,34.44,0.763,30.01,31.47,99.44,12.3,24.57,0.0,0.0,0.0,0.1337,0.0,0.0,0.0,0.616,0.0,0.0,0.9107,0.3998,0.9714,0.0,0.0,0.9916,0.0025,False,False,True,False,True,0.0716,-0.3081,0,0.0,0,0,0,0.0,eye_closed,0
1784613646.4966,P001,53,34.54,0.766,30.49,31.01,99.84,11.87,24.58,0.0,0.0,0.0,0.1445,0.0,0.0,0.0,0.5975,0.0,0.0,0.8983,0.4,0.9723,0.0,0.0,0.999,0.0024,False,False,True,False,True,0.0669,-0.3295,0,0.0,0,0,0,0.0,eye_closed,0
1784613646.6469,P001,54,34.57,0.765,30.56,30.87,99.88,11.96,24.62,0.0,0.0,0.0,0.1461,0.0,0.0,0.0,0.5895,0.0,0.0,0.893,0.3998,0.9751,0.0,0.0,1.0,0.0022,False,False,True,False,True,0.0164,-0.3069,0,0.0,0,0,0,0.0,eye_closed,0
1784613646.7912,P001,55,34.63,0.765,30.52,31.26,99.82,12.15,24.59,0.0,0.0,0.0,0.1446,0.0,0.0,0.0,0.6084,0.0,0.0,0.9056,0.3997,0.9735,0.0,0.0,1.0,0.0023,False,False,True,False,True,0.0483,-0.3484,0,0.0,0,0,0,0.0,eye_closed,0
1784613646.938,P001,56,34.48,0.756,29.91,30.23,99.33,14.12,24.59,0.0,0.0,0.0,0.1224,0.0,0.0,0.0,0.5554,0.0,0.0,0.8702,0.4,0.973,0.0,0.0,0.9993,0.0024,False,False,True,False,True,0.0508,-0.2979,0,0.0,0,0,0,0.0,eye_closed,0
1784613647.0941,P001,57,34.25,0.758,29.7,30.74,99.07,12.78,24.68,0.0,0.0,0.0,0.1303,0.0,0.0,0.0,0.5808,0.0,0.0,0.8872,0.3995,0.9793,0.0,0.0,0.9836,0.0018,False,False,True,False,True,0.0522,-0.3381,0,0.0,0,0,0,0.0,eye_closed,0
1784613647.2574,P001,58,34.3,0.756,29.82,30.38,99.59,12.66,24.72,0.0,0.0,0.0,0.1253,0.0,0.0,0.0,0.5612,0.0,0.0,0.8741,0.3993,0.9823,0.0,0.0,0.993,0.0016,False,False,True,False,True,0.0584,-0.3193,0,0.0,0,0,0,0.0,eye_closed,0
1784613647.4049,P001,59,34.42,0.756,30.11,30.15,99.9,12.71,24.71,0.0,0.0,0.0,0.1291,0.0,0.0,0.0,0.5495,0.0,0.0,0.8663,0.3991,0.9822,0.0,0.0,1.0,0.0016,False,False,True,False,True,0.0407,-0.2798,0,0.0,0,0,0,0.0,eye_closed,0
1784613647.5763,P001,60,34.48,0.755,30.0,30.44,99.7,13.32,24.62,0.0,0.0,0.0,0.125,0.0,0.0,0.0,0.5623,0.0,0.0,0.8749,0.3999,0.9751,0.0,0.0,1.0,0.0022,False,False,True,False,True,-0.0354,-0.2886,0,0.0,0,0,0,0.0,eye_closed,0
1784613647.7282,P001,61,34.41,0.755,29.64,30.41,99.51,13.84,24.71,0.0,0.0,0.0,0.1116,0.0,0.0,0.0,0.5611,0.0,0.0,0.8741,0.3989,0.9823,0.0,0.0,1.0,0.0016,False,False,True,False,True,-0.0078,-0.3389,0,0.0,0,0,0,0.0,eye_closed,0
1784613647.8825,P001,62,34.08,0.747,28.44,30.02,99.32,14.98,24.78,0.0,0.0,0.0,0.0666,0.0,0.0,0.0,0.5392,0.0,0.0,0.8595,0.3983,0.9883,0.0,0.0,1.0,0.001,False,False,True,False,True,-0.0815,-0.3074,0,0.0,0,0,0,0.0,eye_closed,0
1784613648.0406,P001,63,33.63,0.75,27.67,29.06,99.41,14.56,24.89,0.0,0.0,0.0,0.0377,0.0,0.0,0.0,0.4987,0.0,0.0,0.8325,0.397,0.9978,0.0,0.0,1.0,0.0002,False,False,True,False,True,-0.0379,-0.3507,0,0.0,0,0,0,0.0,eye_closed,0
1784613648.1957,P001,64,33.7,0.747,28.03,29.17,99.79,13.76,24.78,0.0,0.0,0.0,0.0511,0.0,0.0,0.0,0.5023,0.0,0.0,0.8348,0.3979,0.9886,0.0,0.0,1.0,0.001,False,False,True,False,True,-0.034,-0.35,0,0.0,0,0,0,0.0,eye_closed,0
1784613648.3598,P001,65,33.47,0.74,26.79,28.81,99.11,16.15,24.85,0.0,0.0,0.0,0.0046,0.0,0.0,0.0,0.4844,0.0,0.0,0.8229,0.3959,0.9971,0.0,0.0,1.0,0.0003,False,False,True,False,True,-0.0482,-0.3454,0,0.0,0,0,0,0.0,eye_closed,0
1784613648.5049,P001,66,33.55,0.732,26.82,28.95,99.13,16.63,24.53,0.0,0.0,0.0,0.0059,0.0,0.0,0.0,0.4872,0.0,0.0,0.8248,0.3945,0.9774,0.0,0.0,1.0,0.0021,False,False,True,False,True,0.0053,-0.3771,0,0.0,0,0,0,0.0,eye_closed,0
1784613648.6587,P001,67,33.51,0.733,27.0,28.34,99.06,16.82,24.3,0.0,0.0,0.0,0.0127,0.0,0.0,0.0,0.4551,0.0,0.0,0.8034,0.3934,0.9645,0.0,0.0,1.0,0.0033,False,False,True,False,True,-0.0017,-0.4347,0,0.0,0,0,0,0.0,eye_closed,0
1784613648.7989,P001,68,33.14,0.734,26.67,27.85,99.69,14.99,24.29,0.0,0.0,0.0,0.0,0.0,0.0,0.0,0.4399,0.0,0.0,0.7933,0.3931,0.9639,0.0,0.0,1.0,0.0034,False,False,True,False,True,0.0398,-0.398,0,0.0,0,0,0,0.0,eye_closed,0
1784613648.9503,P001,69,33.2,0.728,26.67,27.21,99.42,16.2,24.42,0.0,0.0,0.0,0.0,0.0,0.0,0.0,0.4022,0.0,0.0,0.7681,0.3934,0.9723,0.0,0.0,1.0,0.0026,False,False,True,False,True,-0.0003,-0.4065,0,0.0,0,0,0,0.0,eye_closed,0
1784613649.1041,P001,70,33.09,0.729,26.67,27.0,99.62,15.52,24.38,0.0,0.0,0.0,0.0,0.0,0.0,0.0,0.3972,0.0003,0.0,0.7648,0.393,0.9702,0.0,0.0,1.0,0.0028,False,False,True,False,True,-0.0167,-0.3578,0,0.0,0,0,0,0.0,eye_closed,0
1784613649.2562,P001,71,33.11,0.728,26.67,27.45,99.8,15.09,24.23,0.0,0.0,0.0,0.0,0.0,0.0,0.0,0.417,0.0005,0.0,0.778,0.3926,0.9613,0.0,0.0,1.0,0.0036,False,False,True,False,True,-0.0283,-0.3343,0,0.0,0,0,0,0.0,eye_closed,0
1784613649.4178,P001,72,33.02,0.728,26.67,26.91,99.77,15.13,24.11,0.0,0.0,0.0,0.0,0.0,0.0,0.0,0.3953,0.0163,0.0,0.7636,0.3918,0.954,0.0,0.0,1.0,0.0043,False,False,True,False,True,-0.0397,-0.3351,0,0.0,0,0,0,0.0,eye_closed,0
1784613649.5888,P001,73,32.92,0.733,26.67,26.82,99.83,14.65,23.91,0.0,0.0,0.0,0.0,0.0,0.0,0.0,0.3933,0.0209,0.0,0.7622,0.3912,0.9419,0.0,0.0,1.0,0.0055,False,False,True,False,True,-0.0365,-0.3328,0,0.0,0,0,0,0.0,eye_closed,0
1784613649.7306,P001,74,32.92,0.735,26.67,27.05,99.87,14.39,23.92,0.0,0.0,0.0,0.0,0.0,0.0,0.0,0.4058,0.0177,0.0,0.7705,0.3915,0.9425,0.0,0.0,1.0,0.0054,False,False,True,False,True,-0.0276,-0.3277,0,0.0,0,0,0,0.0,eye_closed,0
1784613649.8929,P001,75,32.96,0.736,26.67,27.09,99.71,14.72,24.03,0.0,0.0,0.0,0.0,0.0,0.0,0.0,0.4081,0.0265,0.0,0.772,0.392,0.9489,0.0,0.0,1.0,0.0048,False,False,True,False,True,-0.0322,-0.326,0,0.0,0,0,0,0.0,eye_closed,0
1784613650.0533,P001,76,33.03,0.734,26.67,27.54,99.76,14.63,24.11,0.0,0.0,0.0,0.0,0.0,0.0,0.0,0.4322,0.0232,0.0,0.7881,0.3923,0.9535,0.0,0.0,1.0,0.0043,False,False,True,False,True,-0.023,-0.3088,0,0.0,0,0,0,0.0,eye_closed,0
1784613650.2095,P001,77,33.05,0.741,26.67,27.49,99.4,15.1,24.18,0.0,0.0,0.0,0.0,0.0,0.0,0.0,0.4399,0.0315,0.0,0.7933,0.3931,0.9571,0.0,0.0,1.0,0.004,False,False,True,False,True,0.0083,-0.3188,0,0.0,0,0,0,0.0,eye_closed,0
1784613650.3658,P001,78,33.04,0.739,26.67,27.51,99.51,14.89,24.2,0.0,0.0,0.0,0.0,0.0,0.0,0.0,0.4449,0.0358,0.0,0.7966,0.3936,0.9575,0.0,0.0,1.0,0.0039,False,False,True,False,True,0.0483,-0.3024,0,0.0,0,0,0,0.0,eye_closed,0
1784613650.5295,P001,79,32.94,0.738,26.67,27.26,99.82,14.18,24.16,0.0,0.0,0.0,0.0,0.0,0.0,0.0,0.4293,0.0297,0.0,0.7862,0.3933,0.955,0.0,0.0,1.0,0.0042,False,False,True,False,True,0.0457,-0.3022,0,0.0,0,0,0,0.0,eye_closed,0
1784613650.6862,P001,80,33.05,0.743,26.67,27.92,99.52,14.61,24.14,0.0,0.0,0.0,0.0,0.0,0.0,0.0,0.4577,0.0289,0.0,0.8051,0.3937,0.9529,0.0,0.0,1.0,0.0043,False,False,True,False,True,0.0291,-0.2588,0,0.0,0,0,0,0.0,eye_closed,0
1784613650.8412,P001,81,33.09,0.749,26.67,28.41,99.52,14.07,24.56,0.0,0.0,0.0,0.0,0.0,0.0,0.0,0.4831,0.0355,0.0,0.8221,0.3959,0.9772,0.0,0.0,1.0,0.0021,False,False,True,False,True,-0.0131,-0.2266,0,0.0,0,0,0,0.0,eye_closed,0
1784613650.9901,P001,82,33.11,0.763,26.67,29.3,99.35,13.46,24.64,0.0,0.0,0.0,0.0,0.0,0.0,0.0,0.5239,0.0492,0.0,0.8493,0.3964,0.9819,0.0,0.0,1.0,0.0016,False,False,True,False,True,-0.0054,-0.295,0,0.0,0,0,0,0.0,eye_closed,0
1784613651.1414,P001,83,33.06,0.758,26.67,28.63,99.43,13.67,24.64,0.0,0.0,0.0,0.0,0.0,0.0,0.0,0.4978,0.04,0.0,0.8318,0.3967,0.9818,0.0,0.0,1.0,0.0017,False,False,True,False,True,0.0031,-0.3082,0,0.0,0,0,0,0.0,eye_closed,0
1784613651.3141,P001,84,33.14,0.768,26.67,29.17,98.99,14.07,24.73,0.0,0.0,0.0,0.0,0.0,0.0,0.0,0.521,0.0641,0.0,0.8473,0.3967,0.9878,0.0,0.0,1.0,0.0011,False,False,True,False,True,0.0542,-0.2596,0,0.0,0,0,0,0.0,eye_closed,0
1784613651.4632,P001,85,33.2,0.765,26.67,29.87,99.31,13.36,24.82,0.0,0.0,0.0,0.0,0.0,0.0,0.0,0.5591,0.0669,0.0,0.8727,0.3971,0.9925,0.0,0.0,1.0,0.0007,False,False,True,False,True,0.0201,-0.2449,0,0.0,0,0,0,0.0,eye_closed,0
1784613651.621,P001,86,33.19,0.761,26.67,29.98,99.62,12.85,24.88,0.0,0.0,0.0,0.0,0.0,0.0,0.0,0.5627,0.0834,0.0,0.8751,0.398,0.9951,0.0,0.0,1.0,0.0004,False,False,True,False,True,0.1278,-0.2553,0,0.0,0,0,0,0.0,eye_closed,0
1784613651.7692,P001,87,33.2,0.761,26.67,29.88,99.5,13.13,24.86,0.0,0.0,0.0,0.0,0.0,0.0,0.0,0.5562,0.0864,0.0,0.8708,0.3983,0.9937,0.0,0.0,1.0,0.0006,False,False,True,False,True,0.0914,-0.3037,0,0.0,0,0,0,0.0,eye_closed,0
1784613651.92,P001,88,33.26,0.762,26.67,30.12,99.32,13.49,24.86,0.0,0.0,0.0,0.0,0.0,0.0,0.0,0.5708,0.0961,0.0,0.8805,0.399,0.9924,0.0,0.0,1.0,0.0007,False,False,True,False,True,0.0824,-0.351,0,0.0,0,0,0,0.0,eye_closed,0
1784613652.0746,P001,89,33.02,0.762,26.67,29.32,99.81,12.22,24.87,0.0,0.0,0.0,0.0,0.0,0.0,0.0,0.5325,0.0853,0.0,0.855,0.3995,0.992,0.0,0.0,1.0,0.0007,False,False,True,False,True,0.0261,-0.3195,0,0.0,0,0,0,0.0,eye_closed,0
1784613652.2289,P001,90,33.35,0.762,26.67,30.7,99.29,13.53,24.91,0.0,0.0,0.0,0.0,0.0,0.0,0.0,0.5974,0.0846,0.0,0.8983,0.3995,0.9945,0.0,0.0,1.0,0.0005,False,False,True,False,True,-0.0007,-0.328,0,0.0,0,0,0,0.0,eye_closed,0
1784613652.3827,P001,91,33.31,0.763,26.67,30.54,99.3,13.41,24.92,0.0,0.0,0.0,0.0,0.0,0.0,0.0,0.5897,0.092,0.0,0.8931,0.3991,0.9963,0.0,0.0,1.0,0.0003,False,False,True,False,True,-0.0305,-0.3246,0,0.0,0,0,0,0.0,eye_closed,0
1784613652.5263,P001,92,33.28,0.759,26.67,30.06,99.27,13.77,24.83,0.0,0.0,0.0,0.0,0.0,0.0,0.0,0.5662,0.0835,0.0,0.8774,0.3992,0.9899,0.0,0.0,1.0,0.0009,False,False,True,False,True,-0.027,-0.2935,0,0.0,0,0,0,0.0,eye_closed,0
1784613652.6937,P001,93,33.13,0.764,26.67,30.16,99.56,12.58,24.56,0.0,0.0,0.0,0.0,0.0,0.0,0.0,0.5725,0.0731,0.0,0.8817,0.3983,0.9734,0.0,0.0,1.0,0.0024,False,False,True,False,True,-0.0109,-0.2516,0,0.0,0,0,0,0.0,eye_closed,0
1784613652.8749,P001,94,33.06,0.763,26.67,30.17,99.87,11.8,24.56,0.0,0.0,0.0,0.0,0.0,0.0,0.0,0.573,0.0717,0.0,0.882,0.3981,0.974,0.0,0.0,1.0,0.0023,False,False,True,False,True,-0.0438,-0.2746,0,0.0,0,0,0,0.0,eye_closed,0
1784613653.0663,P001,95,33.16,0.764,26.67,30.56,99.7,12.18,24.57,0.0,0.0,0.0,0.0,0.0,0.0,0.0,0.5894,0.0467,0.0,0.8929,0.3987,0.9735,0.0,0.0,1.0,0.0023,False,False,True,False,True,0.0029,-0.2699,0,0.0,0,0,0,0.0,eye_closed,0
1784613653.3308,P001,96,33.22,0.762,26.67,30.83,99.64,12.44,24.55,0.0,0.0,0.0,0.0,0.0,0.0,0.0,0.6094,0.0534,0.0,0.9063,0.399,0.9719,0.0,0.0,1.0,0.0025,False,False,True,False,True,0.1046,-0.2973,0,0.0,0,0,0,0.0,eye_closed,0
1784613653.4992,P001,97,33.58,0.755,26.77,32.02,99.31,13.85,24.3,0.0,0.0,0.0,0.004,0.0,0.0,0.0,0.6683,0.0397,0.0,0.9456,0.3972,0.9578,0.0,0.0,1.0,0.0036,False,False,True,False,True,0.0564,-0.2488,0,0.0,0,0,0,0.0,eye_closed,0
1784613653.6678,P001,98,33.55,0.756,27.08,32.03,99.83,12.41,24.32,0.0,0.0,0.0,0.0153,0.0,0.0,0.0,0.6671,0.0372,0.0,0.9447,0.3972,0.9595,0.0,0.0,1.0,0.0035,False,False,True,False,True,0.0557,-0.2482,0,0.0,0,0,0,0.0,eye_closed,0
1784613653.8363,P001,99,33.89,0.752,27.32,32.54,99.23,14.31,24.2,0.0,0.0,0.0,0.0247,0.0,0.0,0.0,0.6937,0.0549,0.0,0.9625,0.3967,0.952,0.0,0.0,1.0,0.0041,False,False,True,False,True,0.0311,-0.1644,0,0.0,0,0,0,0.0,eye_closed,0
1784613654.0067,P001,100,33.57,0.747,26.76,31.83,99.61,13.67,24.37,0.0,0.0,0.0,0.0037,0.0,0.0,0.0,0.6594,0.0521,0.0,0.9396,0.3976,0.9622,0.0,0.0,1.0,0.0032,False,False,True,False,True,0.043,-0.3132,0,0.0,0,0,0,0.0,eye_closed,0
1784613654.1903,P001,101,33.75,0.744,27.01,31.98,99.42,14.36,24.33,0.0,0.0,0.0,0.0129,0.0,0.0,0.0,0.6628,0.0549,0.0,0.9419,0.3974,0.9597,0.0,0.0,1.0,0.0035,False,False,True,False,True,-0.0527,-0.3715,0,0.0,0,0,0,0.0,eye_closed,0
1784613654.3994,P001,102,33.97,0.739,27.47,32.35,99.23,14.21,24.86,0.0,0.0128,0.0,0.0191,0.0,0.0,0.0,0.6771,0.0435,0.0,0.9514,0.3982,0.9636,0.0,0.0,0.9919,0.0031,False,False,True,False,True,-0.0862,-0.367,0,0.0,0,0,0,0.0,eye_closed,0
1784613654.56,P001,103,35.39,0.738,30.74,32.43,99.63,14.22,26.88,0.0,0.0777,0.0,0.0361,0.0,0.0,0.0,0.6736,0.0463,0.0,0.9491,0.3977,0.9478,0.0,0.0,1.0,0.0045,False,False,True,False,True,-0.082,-0.3179,0,0.0,0,0,0,0.0,eye_closed,0
1784613654.7556,P001,104,35.35,0.74,30.74,32.5,99.85,13.47,27.1,0.05,0.0841,0.0,0.0261,0.0,0.0016,0.0,0.6806,0.0462,0.0,0.9537,0.3977,0.9477,0.0,0.0,1.0,0.0045,False,False,True,False,True,-0.0861,-0.3127,0,0.0,0,0,0,0.0,eye_closed,0
1784613654.9382,P001,105,36.06,0.739,32.22,32.85,99.42,13.95,28.54,0.0,0.1234,0.0,0.0288,0.0,0.0,0.0,0.6944,0.0453,0.0,0.9629,0.3987,0.9504,0.0,0.0,0.9942,0.0042,False,False,True,False,True,-0.1285,-0.3013,0,0.0,0,0,0,0.0,eye_closed,0
1784613655.1677,P001,106,36.39,0.741,33.19,33.18,98.59,13.44,29.92,0.0,0.1599,0.0,0.0319,0.0,0.0,0.0,0.7108,0.0382,0.0,0.9738,0.399,0.9562,0.0,0.0,0.9726,0.0037,False,False,True,False,True,-0.129,-0.2596,0,0.0,0,0,0,0.0,eye_closed,0
1784613655.3924,P001,107,37.48,0.733,35.05,32.96,99.59,14.7,31.32,0.0,0.1936,0.0,0.0238,0.0,0.0,0.0,0.6945,0.0351,0.0,0.963,0.3972,0.9739,0.0,0.0,1.0,0.0022,False,False,True,False,True,-0.092,-0.3266,0,0.0,0,0,0,0.0,eye_closed,0
1784613655.73,P001,108,38.32,0.732,37.29,32.46,98.31,15.14,33.86,0.0,0.2663,0.0,0.0245,0.0,0.0,0.0,0.667,0.0639,0.0,0.9446,0.3982,0.9721,0.0,0.0,0.9743,0.0024,False,False,True,False,True,-0.1719,-0.2805,0,0.0,0,0,0,0.0,eye_closed,0
1784613655.9643,P001,109,38.27,0.734,36.87,33.22,99.54,14.12,33.29,0.0,0.2494,0.0,0.0139,0.0,0.0,0.0,0.7068,0.0714,0.0,0.9712,0.399,0.9727,0.0,0.0,0.9946,0.0023,False,False,True,False,True,-0.1229,-0.1824,0,0.0,0,0,0,0.0,eye_closed,0
1784613656.1662,P001,110,38.21,0.727,37.25,32.06,97.35,15.94,33.73,0.0,0.2721,0.0,0.032,0.0,0.0,0.0,0.6444,0.1015,0.0,0.9296,0.3917,0.9605,0.0,0.0,0.9568,0.0034,False,False,True,False,True,-0.0971,-0.201,0,0.0,0,0,0,0.0,eye_closed,0
1784613656.3676,P001,111,36.36,0.724,36.55,31.89,99.34,15.55,15.45,0.0,0.2415,0.0,0.0123,0.0,0.0,0.0,0.6339,0.0,0.0,0.9226,0.2525,0.0459,0.1205,0.0,0.9961,0.0827,False,False,True,False,True,-0.1223,-0.2021,0,0.0,0,0,0,0.0,eye_closed,0
1784613656.5378,P001,112,36.23,0.719,36.16,31.46,99.08,17.1,14.27,0.0,0.2374,0.0,0.0,0.0,0.0,0.0,0.6117,0.0,0.0,0.9078,0.2383,0.0,0.1426,0.0,1.0,0.0923,False,False,True,False,True,-0.1148,-0.1467,0,0.0,0,0,0,0.0,eye_closed,0
1784613656.7534,P001,113,36.23,0.721,36.29,32.26,99.81,15.0,14.67,0.0,0.2405,0.0,0.0,0.0,0.0,0.0,0.6529,0.0,0.0,0.9352,0.2492,0.0014,0.1301,0.0,1.0,0.086,False,False,True,False,True,-0.1243,-0.1481,0,0.0,0,0,0,0.0,eye_closed,0
1784613656.924,P001,114,35.98,0.721,36.1,31.47,98.17,16.76,13.85,0.0,0.2505,0.0,0.0,0.0,0.0,0.0,0.618,0.0,0.0,0.912,0.2034,0.0,0.1907,0.0,0.9779,0.1114,False,False,True,False,True,-0.0779,-0.1735,0,0.0,0,0,0,0.0,eye_closed,0
1784613657.3292,P001,115,35.6,0.717,35.26,31.48,98.41,16.71,12.66,0.0,0.2274,0.0,0.0,0.0,0.0,0.0,0.6172,0.0,0.0,0.9114,0.1883,0.0,0.2121,0.0,0.9811,0.1199,False,False,True,False,True,-0.1124,-0.1655,0,0.0,0,0,0,0.0,eye_closed,0
1784613657.5537,P001,116,35.38,0.713,34.84,32.08,98.04,16.78,11.54,0.0,0.2239,0.0,0.0,0.0,0.0,0.0,0.6479,0.0,0.0,0.932,0.1483,0.0,0.2663,0.0,0.9706,0.1402,False,False,True,False,True,-0.0737,-0.1943,0,0.0,0,0,0,0.0,eye_closed,0
1784613657.7591,P001,117,35.19,0.716,34.4,32.03,99.3,15.77,10.85,0.0,0.1988,0.0,0.0,0.0,0.0,0.0,0.6482,0.0,0.0,0.9321,0.1559,0.0,0.254,0.0,0.9917,0.1353,False,False,True,False,True,-0.0721,-0.1999,0,0.0,0,0,0,0.0,eye_closed,0
1784613657.9302,P001,118,35.02,0.708,33.45,32.52,99.33,17.08,9.7,0.0,0.1708,0.0,0.0,0.0,0.0,0.0,0.665,0.0,0.0,0.9434,0.149,0.0,0.264,0.0,0.9982,0.1385,False,False,True,False,True,-0.0768,-0.1977,0,0.0,0,0,0,0.0,eye_closed,0
1784613658.1135,P001,119,34.44,0.709,32.27,33.1,99.2,16.05,8.98,0.0,0.1487,0.0,0.0,0.0,0.0,0.0,0.6962,0.0,0.0,0.9642,0.1509,0.0,0.2612,0.0,0.9871,0.1359,False,False,True,False,True,-0.0768,-0.1953,0,0.0,0,0,0,0.0,eye_closed,0
1784613658.3082,P001,120,34.49,0.709,32.34,33.03,99.84,15.85,8.63,0.0,0.1417,0.0,0.0,0.0,0.0,0.0,0.6931,0.0,0.0,0.962,0.1466,0.0,0.2673,0.0,1.0,0.1384,False,False,True,False,True,-0.0565,-0.1833,0,0.0,0,0,0,0.0,eye_closed,0
1784613658.5107,P001,121,33.14,0.709,29.32,32.65,99.31,16.36,6.15,0.18,0.0706,0.0,0.0,0.0,0.0061,0.0,0.6708,0.0,0.0,0.9472,0.147,0.0,0.266,0.0,0.9921,0.139,False,False,True,False,True,-0.1658,-0.1571,0,0.0,0,0,0,0.0,eye_closed,0
1784613658.7333,P001,122,32.22,0.701,26.67,32.37,99.02,18.63,3.83,0.0,0.0,0.0,0.0,0.0,0.0,0.0,0.6536,0.0,0.0,0.9358,0.1532,0.0,0.2641,0.0,1.0,0.139,False,False,True,False,True,-0.2003,-0.1867,0,0.0,0,0,0,0.0,eye_closed,0
1784613658.9264,P001,123,32.53,0.706,26.67,31.55,97.55,22.31,4.89,0.0,0.0,0.0,0.0,0.0,0.0,0.0,0.6153,0.0,0.0,0.9102,0.1955,0.0,0.2062,0.0,1.0,0.1177,False,False,True,False,True,-0.0348,-0.2364,0,0.0,0,0,0,0.0,eye_closed,0
1784613659.1685,P001,124,31.94,0.7,26.67,30.92,99.48,17.48,4.24,0.0,0.0,0.0,0.0,0.0,0.0,0.0,0.591,0.0,0.0,0.894,0.1694,0.0,0.2448,0.0,1.0,0.1343,False,False,True,False,True,-0.0137,-0.2574,0,0.0,0,0,0,0.0,eye_closed,0
1784613659.3669,P001,125,33.81,0.7,26.67,31.34,97.36,23.2,16.87,0.0,0.0,0.0,0.0,0.0,0.0,0.0,0.6137,0.0028,0.0,0.9091,0.3335,0.569,0.0067,0.0,1.0,0.0376,False,False,True,False,True,0.0233,-0.1913,0,0.0,0,0,0,0.0,eye_closed,0
1784613659.5392,P001,126,33.98,0.697,26.67,30.87,97.75,22.43,19.85,0.0,0.0,0.0,0.0,0.0,0.0,0.0,0.588,0.0396,0.0,0.892,0.3583,0.7265,0.0,0.0,1.0,0.0241,False,False,True,False,True,0.1111,-0.1957,0,0.0,0,0,0,0.0,eye_closed,0
1784613659.7221,P001,127,34.47,0.693,26.67,28.8,96.65,25.73,24.65,0.0,0.0,0.0,0.0,0.0,0.0,0.0,0.4756,0.0429,0.0,0.8171,0.3965,0.9824,0.0,0.0,1.0,0.0016,False,False,True,False,True,0.0613,-0.1317,0,0.0,0,0,0,0.0,eye_closed,0
1784613659.9409,P001,128,33.72,0.692,26.67,28.28,99.34,18.67,24.44,0.0,0.0,0.0,0.0,0.0,0.0,0.0,0.4427,0.0375,0.0,0.7952,0.3957,0.9702,0.0,0.0,1.0,0.0028,False,False,True,False,True,0.114,-0.1334,0,0.0,0,0,0,0.0,eye_closed,0
1784613660.1061,P001,129,35.16,0.691,26.67,29.44,94.45,31.95,24.54,0.0,0.0,0.0,0.0,0.0,0.0,0.0,0.4891,0.031,0.0,0.8261,0.395,0.9773,0.0,0.0,1.0,0.0021,False,False,True,False,True,0.0078,-0.194,0,0.0,0,0,0,0.0,eye_closed,0
1784613660.2855,P001,130,35.58,0.695,26.9,29.15,92.98,35.77,24.76,0.0,0.0,0.0,0.0088,0.0,0.0,0.0,0.4486,0.0014,0.0,0.799,0.397,0.989,0.0,0.0,1.0,0.001,False,False,True,False,True,0.0334,-0.2516,0,0.0,0,0,0,0.0,eye_closed,0
1784613660.4667,P001,131,35.99,0.708,29.38,30.55,95.15,29.18,24.76,0.0,0.0,0.0,0.1016,0.0,0.0,0.0,0.5116,0.0,0.0,0.8411,0.3962,0.9902,0.0,0.0,1.0,0.0009,False,False,True,False,True,0.0556,-0.2795,0,0.0,0,0,0,0.0,eye_closed,0
1784613660.7147,P001,132,35.49,0.724,28.33,32.25,96.05,25.72,24.72,0.0,0.0,0.0,0.0626,0.0,0.0,0.0,0.6001,0.0,0.0,0.9001,0.3986,0.9834,0.0,0.0,1.0,0.0015,False,False,True,False,True,0.0409,-0.3549,0,0.0,0,0,0,0.0,eye_closed,0
1784613660.9096,P001,133,34.9,0.734,26.67,32.76,95.92,25.23,24.76,0.0,0.0,0.0,0.0,0.0,0.0,0.0,0.6366,0.0,0.0,0.9244,0.3984,0.9866,0.0,0.0,1.0,0.0012,False,False,True,False,True,-0.0453,-0.4291,0,0.0,0,0,0,0.0,eye_closed,0
1784613661.0784,P001,134,33.82,0.727,26.67,31.05,99.6,16.02,24.91,0.0,0.0,0.0,0.0,0.0,0.0,0.0,0.5521,0.0,0.0,0.8681,0.3975,0.9982,0.0,0.0,1.0,0.0002,False,False,True,False,True,0.0166,-0.3968,0,0.0,0,0,0,0.0,eye_closed,0
1784613661.27,P001,135,35.41,0.734,26.67,32.45,93.72,31.14,24.79,0.0,0.0,0.0,0.0,0.0,0.0,0.0,0.6287,0.0258,0.0,0.9191,0.3982,0.9894,0.0,0.0,1.0,0.0009,False,False,True,False,True,-0.0191,-0.3067,0,0.0,0,0,0,0.0,eye_closed,0
1784613661.4578,P001,136,35.31,0.712,26.67,30.36,93.74,32.49,24.87,0.0,0.0,0.0,0.0,0.0,0.0,0.0,0.5299,0.0331,0.0,0.8533,0.3962,0.9977,0.0,0.0,1.0,0.0002,False,False,True,False,True,0.0301,-0.1262,0,0.0,0,0,0,0.0,eye_closed,0
1784613661.7687,P001,137,35.28,0.692,26.67,31.4,95.16,29.83,24.9,0.0,0.0,0.0,0.0,0.0,0.0,0.0,0.576,0.0853,0.0,0.884,0.3981,0.9966,0.0,0.0,1.0,0.0003,False,False,True,False,True,0.1235,-0.1902,0,0.0,0,0,0,0.0,eye_closed,0
1784613661.9705,P001,138,34.9,0.673,26.67,30.08,96.49,27.33,24.8,0.0,0.0,0.0,0.0,0.0,0.0,0.0,0.515,0.0842,0.0,0.8433,0.3995,0.9872,0.0,0.0,1.0,0.0012,False,False,True,False,True,0.0764,-0.145,0,0.0,0,0,0,0.0,eye_closed,0
1784613662.2688,P001,139,34.03,0.664,26.67,29.08,99.58,19.59,24.63,0.0,0.0,0.0,0.0,0.0,0.0,0.0,0.4597,0.1007,0.0,0.8064,0.3996,0.9762,0.0,0.0,1.0,0.0022,False,False,True,False,True,0.1013,-0.1952,0,0.0,0,0,0,0.0,eye_closed,0
1784613662.5091,P001,140,35.28,0.638,26.67,28.48,95.24,32.63,24.93,0.0,0.0,0.0,0.0,0.0,0.0,0.0,0.4169,0.0875,0.0,0.778,0.3974,0.9995,0.0,0.0,1.0,0.0,False,False,True,False,True,0.1434,-0.2983,0,0.0,0,0,0,0.0,eye_closed,0
1784613662.7707,P001,141,35.71,0.62,26.67,29.83,94.84,34.73,24.65,0.0,0.0,0.0,0.0,0.0,0.0,0.0,0.4537,0.0549,0.0,0.8025,0.3949,0.985,0.0,0.0,1.0,0.0014,False,False,True,False,True,0.2658,-0.259,0,0.0,0,0,0,0.0,eye_closed,0
1784613663.023,P001,142,35.85,0.607,26.67,32.0,95.89,32.54,24.55,0.0,0.0,0.0,0.0,0.0,0.0,0.0,0.5434,0.0348,0.0,0.8623,0.3956,0.9772,0.0,0.0,1.0,0.002,False,False,True,False,True,0.3042,-0.3084,0,0.0,0,0,0,0.0,eye_closed,0
1784613663.2773,P001,143,34.98,0.605,26.67,31.73,99.43,23.2,24.94,0.0,0.0,0.0,0.0,0.0,0.0,0.0,0.535,0.0449,0.0,0.8567,0.3978,0.9996,0.0,0.0,1.0,0.0,False,False,True,False,True,0.2984,-0.326,0,0.0,0,0,0,0.0,eye_closed,0
1784613663.5463,P001,144,35.43,0.593,26.67,30.69,97.22,29.6,24.75,0.0,0.0,0.0,0.0,0.0,0.0,0.0,0.4727,0.0506,0.0,0.8152,0.3972,0.9879,0.0,0.0,1.0,0.0011,False,False,True,False,True,0.2836,-0.3023,0,0.0,0,0,0,0.0,eye_closed,0
1784613663.7827,P001,145,35.42,0.585,26.67,31.7,98.02,27.81,24.58,0.0,0.0,0.0,0.0,0.0,0.0,0.0,0.5189,0.0554,0.0,0.846,0.3974,0.9764,0.0,0.0,1.0,0.0021,False,False,True,False,True,0.2873,-0.2517,0,0.0,0,0,0,0.0,eye_closed,0
1784613664.0339,P001,146,35.56,0.59,27.21,32.24,98.3,26.83,24.32,0.0,0.0,0.0,0.0,0.0205,0.0,0.0,0.5485,0.0543,0.0,0.8657,0.3903,0.9366,0.0,0.0,1.0,0.0057,False,False,True,False,True,0.301,-0.2171,0,0.0,0,0,0,0.0,eye_closed,0
1784613664.3119,P001,147,36.24,0.599,26.67,31.46,93.98,37.81,24.24,0.0,0.0,0.0,0.0,0.0,0.0,0.0,0.5415,0.0791,0.0,0.861,0.3939,0.9594,0.0,0.0,1.0,0.0036,False,False,True,False,True,0.2574,-0.1241,0,0.0,0,0,0,0.0,eye_closed,0
1784613664.5403,P001,148,36.49,0.642,26.67,30.46,90.99,43.46,24.24,0.0,0.0,0.0,0.0,0.0,0.0,0.0,0.5343,0.1197,0.0,0.8562,0.394,0.9593,0.0,0.0,1.0,0.0037,False,False,True,False,True,0.1746,-0.0689,0,0.0,0,0,0,0.0,eye_closed,0
1784613664.808,P001,149,34.03,0.637,26.67,27.7,99.5,21.11,24.5,0.0,0.0,0.0,0.0,0.0,0.0,0.0,0.4029,0.15,0.0,0.7686,0.3946,0.9754,0.0,0.0,1.0,0.0023,False,False,True,False,True,0.1479,-0.0343,0,0.0,0,0,0,0.0,eye_closed,0
1784613665.0629,P001,150,37.14,0.695,28.09,30.31,89.07,45.52,25.75,0.0,0.0,0.0,0.0,0.0536,0.0,0.0,0.5472,0.1975,0.0,0.8648,0.3946,0.9695,0.0,0.0,1.0,0.0027,False,False,True,False,True,-0.0519,-0.0428,0,0.0,0,0,0,0.0,eye_closed,0
1784613665.3163,P001,151,36.45,0.755,27.87,29.64,88.46,42.9,25.5,0.0,0.0,0.0,0.0,0.045,0.0,0.0,0.5294,0.16,0.0,0.853,0.3945,0.9678,0.0,0.0,1.0,0.0029,False,False,True,False,True,-0.0826,0.0784,0,0.0,0,0,0,0.0,eye_closed,0
1784613665.5517,P001,152,35.75,0.762,26.96,29.81,89.78,39.06,25.12,0.0,0.0,0.0,0.0,0.0111,0.0,0.0,0.5392,0.1088,0.0,0.8595,0.3985,0.9921,0.0,0.0,1.0,0.0007,False,False,True,False,True,-0.1446,-0.0718,0,0.0,0,0,0,0.0,eye_closed,0
1784613665.8215,P001,153,35.35,0.735,26.67,30.1,92.39,34.43,24.74,0.0,0.0,0.0,0.0,0.0,0.0,0.0,0.5095,0.0497,0.0,0.8397,0.3998,0.9832,0.0,0.0,1.0,0.0015,False,False,True,False,True,-0.1028,-0.1313,0,0.0,0,0,0,0.0,eye_closed,0
1784613666.0825,P001,154,33.58,0.728,26.96,28.63,99.42,16.2,25.09,0.0,0.0,0.0,0.0,0.0108,0.0,0.0,0.4268,0.0446,0.0,0.7846,0.397,0.993,0.0,0.0,1.0,0.0007,False,False,True,False,True,-0.107,-0.1287,0,0.0,0,0,0,0.0,eye_closed,0
1784613666.3775,P001,155,34.68,0.745,26.67,29.87,94.52,28.05,24.82,0.0,0.0,0.0,0.0,0.0,0.0,0.0,0.5296,0.0346,0.0,0.8531,0.3991,0.9898,0.0,0.0,1.0,0.0009,False,False,True,False,True,-0.0807,-0.1212,0,0.0,0,0,0,0.0,eye_closed,0
1784613666.5618,P001,156,35.23,0.735,26.67,28.7,92.07,35.29,24.84,0.0,0.0,0.0,0.0,0.0,0.0,0.0,0.4707,0.0026,0.0,0.8138,0.3981,0.9923,0.0,0.0,1.0,0.0007,False,False,True,False,True,-0.0015,-0.0159,0,0.0,0,0,0,0.0,eye_closed,0
1784613666.7188,P001,157,36.63,0.697,27.01,27.71,87.9,49.08,24.74,0.0,0.0,0.0,0.0128,0.0,0.0,0.0,0.3896,0.0,0.0,0.7597,0.3967,0.9882,0.0,0.0,1.0,0.0011,False,False,True,False,True,0.1382,-0.2035,0,0.0,0,0,0,0.0,eye_closed,0
1784613666.8854,P001,158,33.89,0.69,26.67,28.27,98.87,19.98,24.9,0.0,0.0,0.0,0.0,0.0,0.0,0.0,0.4157,0.0,0.0,0.7771,0.3973,0.9978,0.0,0.0,1.0,0.0002,False,False,True,False,True,0.1425,-0.18,0,0.0,0,0,0,0.0,eye_closed,0
1784613667.0889,P001,159,38.21,0.624,26.67,31.6,85.78,58.67,24.72,0.0,0.0,0.0,0.0,0.0,0.0,0.0,0.5163,0.011,0.0,0.8442,0.3972,0.9858,0.0,0.0,1.0,0.0013,False,False,True,False,True,0.2085,-0.377,0,0.0,0,0,0,0.0,eye_closed,0
1784613667.3332,P001,160,39.09,0.54,26.67,30.53,85.0,65.61,24.83,0.99,0.0,0.0,0.0,0.0,0.0,0.0,0.4035,0.0,0.0,0.769,0.3982,0.9918,0.0,0.0464,1.0,0.0008,False,False,True,False,True,0.4876,-0.3075,0,0.0,0,0,0,0.0,eye_closed,0
1784613667.5331,P001,161,42.1,0.436,31.48,33.53,85.94,69.4,24.54,2.96,0.0,0.0,0.1804,0.0,0.0,0.0,0.4437,0.0483,0.0,0.7958,0.3979,0.9731,0.0,0.1607,1.0,0.0025,False,False,True,False,True,0.6112,-0.3357,0,0.0,0,0,0,0.0,eye_closed,0
1784613667.8461,P001,162,38.34,0.387,20.6,36.0,76.09,74.75,24.06,6.95,0.0,0.0,0.2433,0.0,0.0,0.0,0.3352,0.0,0.0,0.7234,0.3921,0.9502,0.0,0.3867,0.7615,0.0048,False,False,True,False,True,1.107,-0.215,0,0.0,0,0,0,0.0,eye_closed,1
1784613668.0564,P001,163,39.68,0.315,19.71,43.45,81.27,71.33,20.57,13.1,0.0,0.0,0.2088,0.0,0.0,0.0,0.38,0.0005,0.0,0.7533,0.3641,0.7642,0.0,0.6944,0.7632,0.0224,False,False,True,False,True,1.1102,-0.332,0,0.0,0,0,0,0.0,eye_closed,1
1784613668.3015,P001,164,41.96,0.332,23.68,47.78,95.5,53.94,24.15,16.69,0.0,0.0,0.245,0.0,0.0,0.0,0.5102,0.0,0.0,0.8401,0.3908,0.9587,0.0,0.7426,0.924,0.0037,False,False,True,False,True,1.1004,-0.3424,0,0.0,0,0,0,0.0,eye_closed,1
1784613668.4835,P001,165,41.78,0.321,20.92,48.84,95.27,57.0,23.2,19.72,0.0,0.0,0.1344,0.0,0.0,0.0,0.5197,0.0,0.0,0.8465,0.3856,0.904,0.0,0.7798,0.934,0.0087,False,False,True,False,True,1.0784,-0.3519,0,0.0,0,0,0,0.0,eye_closed,1
1784613668.6697,P001,166,38.17,0.398,14.73,44.98,83.06,62.82,22.79,21.04,0.0,0.0,0.0293,0.0,0.0,0.0,0.4233,0.0343,0.0,0.7822,0.3814,0.8838,0.0,0.6514,0.7527,0.0109,False,False,True,False,True,1.0905,-0.1075,0,0.0,0,0,0,0.0,eye_closed,1
1784613668.9924,P001,167,40.51,0.472,17.91,44.19,88.99,65.47,23.03,21.37,0.0,0.0,0.0,0.0,0.0,0.0,0.5113,0.0169,0.0,0.8409,0.3838,0.896,0.0,0.4962,0.9595,0.0094,False,False,True,False,True,0.8702,-0.3107,0,0.0,0,0,0,0.0,eye_closed,1
1784613669.2084,P001,168,39.63,0.546,18.67,39.46,87.46,63.47,24.34,21.05,0.0,0.0,0.0,0.0,0.0,0.0,0.6006,0.0766,0.0,0.9004,0.3909,0.971,0.0,0.21,1.0,0.0025,False,False,True,False,True,0.5091,-0.3021,0,0.0,0,0,0,0.0,eye_closed,1
1784613669.4041,P001,169,34.7,0.573,18.71,31.74,98.38,26.96,24.79,21.13,0.0,0.0,0.0,0.0021,0.0,0.0,0.5096,0.0448,0.0,0.8397,0.3967,0.988,0.0,0.0,1.0,0.0011,False,False,True,False,True,0.616,-0.316,0,0.0,0,0,0,0.0,eye_closed,1
1784613669.6082,P001,170,37.11,0.643,18.67,30.38,85.79,57.22,24.45,21.21,0.0,0.0,0.0,0.0,0.0,0.0,0.5533,0.0404,0.0,0.8689,0.3952,0.9711,0.0,0.0,1.0,0.0026,False,False,True,False,True,0.374,-0.0669,0,0.0,0,0,0,0.0,eye_closed,1
1784613669.7948,P001,171,36.78,0.723,18.75,30.68,85.0,54.73,24.92,21.67,0.0,0.0,0.0,0.0,0.0127,0.0,0.5857,0.0776,0.0,0.8905,0.3981,0.9976,0.0,0.0,1.0,0.0002,False,False,True,False,True,0.1295,-0.0887,0,0.0,0,0,0,0.0,eye_closed,1
1784613669.9883,P001,172,36.37,0.762,18.68,30.98,85.0,52.05,24.92,21.4,0.0,0.0,0.0,0.0,0.0013,0.0,0.6294,0.0414,0.0,0.9196,0.3978,0.9984,0.0,0.0,1.0,0.0001,False,False,True,False,True,-0.0405,-0.0924,0,0.0,0,0,0,0.0,eye_closed,1
1784613670.1813,P001,173,32.69,0.772,18.67,30.65,99.05,13.7,24.97,21.44,0.0,0.0,0.0,0.0,0.0,0.0,0.6089,0.0785,0.0,0.906,0.3994,0.9994,0.0,0.0,1.0,0.0001,False,False,True,False,True,-0.055,-0.1377,0,0.0,0,0,0,0.0,eye_closed,1
1784613670.3785,P001,174,36.36,0.73,19.35,31.33,87.7,47.23,24.93,21.52,0.0,0.0,0.0295,0.0,0.0,0.0,0.5692,0.0207,0.0,0.8795,0.3991,0.9972,0.0,0.0,1.0,0.0002,False,False,True,False,True,-0.0708,-0.2347,0,0.0,0,0,0,0.0,eye_closed,1
1784613670.6022,P001,175,35.14,0.724,18.67,32.7,92.7,34.33,24.83,21.6,0.0,0.0,0.0,0.0,0.0,0.0,0.609,0.0543,0.0,0.906,0.4,0.9888,0.0,0.0,1.0,0.001,False,False,True,False,True,-0.0708,-0.1825,0,0.0,0,0,0,0.0,eye_closed,1
1784613670.7857,P001,176,33.55,0.728,18.67,30.93,97.81,20.38,24.84,21.67,0.0,0.0,0.0,0.0,0.0,0.0,0.5411,0.0531,0.0,0.8607,0.3991,0.9909,0.0,0.0,1.0,0.0008,False,False,True,False,True,-0.1557,-0.2544,0,0.0,0,0,0,0.0,eye_closed,1
1784613670.9868,P001,177,33.77,0.75,18.67,30.98,96.03,23.56,24.73,21.75,0.0,0.0,0.0,0.0,0.0,0.0,0.5775,0.0892,0.0,0.885,0.3985,0.9845,0.0,0.0,1.0,0.0014,False,False,True,False,True,-0.155,-0.2349,0,0.0,0,0,0,0.0,eye_closed,1
1784613671.1734,P001,178,35.41,0.721,18.67,32.71,91.81,36.89,24.84,21.83,0.0,0.0,0.0,0.0,0.0,0.0,0.6389,0.0517,0.0,0.926,0.3988,0.9914,0.0,0.0,1.0,0.0007,False,False,True,False,True,-0.0483,-0.0621,0,0.0,0,0,0,0.0,eye_closed,1
1784613671.337,P001,179,33.3,0.727,18.67,31.17,99.13,16.98,24.87,21.91,0.0,0.0,0.0,0.0,0.0,0.0,0.5683,0.0789,0.0,0.8788,0.3992,0.9928,0.0,0.0,1.0,0.0006,False,False,True,False,True,-0.0302,-0.0956,0,0.0,0,0,0,0.0,eye_closed,1
1784613671.5107,P001,180,36.77,0.676,19.31,32.65,89.42,46.25,25.63,21.98,0.0,0.0,0.0,0.0278,0.0,0.0,0.6214,0.0468,0.0,0.9142,0.3981,0.999,0.0,0.0,1.0,0.0001,False,False,True,False,True,0.0211,-0.2003,0,0.0,0,0,0,0.0,eye_closed,1
1784613671.7137,P001,181,38.13,0.612,19.4,34.73,87.27,55.24,25.46,22.06,0.0,0.0,0.0,0.0314,0.0,0.0,0.6629,0.0603,0.0,0.9419,0.3974,0.9826,0.0,0.0,1.0,0.0015,False,False,True,False,True,0.268,-0.2715,0,0.0,0,0,0,0.0,eye_closed,1
1784613671.8987,P001,182,38.13,0.535,18.79,33.37,87.36,58.08,25.14,22.14,0.0,0.0,0.0,0.0065,0.0,0.0,0.5842,0.0538,0.0,0.8895,0.3996,0.9989,0.0,0.0,1.0,0.0001,False,False,True,False,True,0.3905,-0.3255,0,0.0,0,0,0,0.0,eye_closed,1
1784613672.1031,P001,183,38.41,0.478,18.76,33.33,89.91,57.91,24.91,21.84,0.0,0.0,0.0,0.0049,0.0,0.0,0.4532,0.017,0.0,0.8021,0.396,0.9923,0.0,0.1641,1.0,0.0007,False,False,True,False,True,0.5973,-0.3826,0,0.0,0,0,0,0.0,eye_closed,1
1784613672.3005,P001,184,35.05,0.5,18.67,32.33,99.26,27.6,24.52,21.89,0.0,0.0,0.0,0.0,0.0,0.0,0.5368,0.0039,0.0,0.8578,0.3965,0.9739,0.0,0.006,1.0,0.0023,False,False,True,False,True,0.5833,-0.3715,0,0.0,0,0,0,0.0,eye_closed,1
1784613672.5107,P001,185,37.35,0.466,18.67,34.37,94.75,45.9,24.06,21.6,0.0,0.0,0.0,0.0,0.0,0.0,0.4852,0.0,0.0,0.8235,0.3941,0.9471,0.0,0.1831,1.0,0.0048,False,False,True,False,True,0.6629,-0.2573,0,0.0,0,0,0,0.0,eye_closed,1
1784613672.6873,P001,186,36.27,0.482,18.67,33.31,97.17,37.13,24.53,21.39,0.0,0.0,0.0,0.0,0.0,0.0,0.4941,0.0,0.0,0.8294,0.3962,0.9747,0.0,0.1208,1.0,0.0023,False,False,True,False,True,0.648,-0.356,0,0.0,0,0,0,0.0,eye_closed,1
1784613672.8522,P001,187,36.25,0.5,18.67,35.46,97.97,34.68,23.84,21.17,0.0,0.0,0.0,0.0,0.0,0.0,0.577,0.0,0.0,0.8847,0.3931,0.9344,0.0,0.1291,1.0,0.0058,False,False,True,False,True,0.623,-0.2748,0,0.0,0,0,0,0.0,eye_closed,1
1784613673.0803,P001,188,36.0,0.495,18.67,36.01,99.35,30.96,24.21,20.98,0.0,0.0,0.0,0.0,0.0,0.0,0.6095,0.0,0.0,0.9063,0.3954,0.9549,0.0,0.1224,1.0,0.0039,False,False,True,False,True,0.6248,-0.2737,0,0.0,0,0,0,0.0,eye_closed,1
1784613673.3558,P001,189,36.55,0.523,18.67,35.41,96.04,38.93,23.83,20.79,0.0,0.0,0.0,0.0,0.0,0.0,0.5864,0.0314,0.0,0.8909,0.3919,0.9352,0.0,0.1225,1.0,0.0057,False,False,True,False,True,0.6128,-0.3032,0,0.0,0,0,0,0.0,eye_closed,1
1784613673.5542,P001,190,36.53,0.558,18.67,36.43,95.35,38.39,24.09,20.66,0.0,0.0,0.0,0.0,0.0,0.0,0.6761,0.0763,0.0,0.9507,0.3928,0.9511,0.0,0.0849,1.0,0.0042,False,False,True,False,True,0.3494,-0.0381,0,0.0,0,0,0,0.0,eye_closed,1
1784613673.7838,P001,191,36.62,0.579,18.67,35.27,94.0,41.08,24.83,20.54,0.0,0.0,0.0,0.0,0.0,0.0,0.6316,0.0888,0.0,0.9211,0.3969,0.9938,0.0,0.0823,1.0,0.0005,False,False,True,False,True,0.2562,0.0059,0,0.0,0,0,0,0.0,eye_closed,1
1784613674.0333,P001,192,35.93,0.608,18.67,33.1,93.11,39.73,24.47,20.6,0.0,0.0,0.0,0.0,0.0,0.0,0.6177,0.0798,0.0,0.9118,0.3945,0.974,0.0,0.0,1.0,0.0023,False,False,True,False,True,0.3116,-0.1345,0,0.0,0,0,0,0.0,eye_closed,1
1784613674.4726,P001,193,35.8,0.623,18.67,34.27,94.06,36.42,24.86,20.67,0.0,0.0,0.0,0.0,0.0,0.0,0.6908,0.0802,0.0,0.9606,0.3987,0.9929,0.0,0.0,1.0,0.0006,False,False,True,False,True,0.2181,-0.1534,0,0.0,0,0,0,0.0,eye_closed,1
1784613674.9797,P001,194,34.05,0.624,18.67,31.37,99.34,22.39,24.79,20.73,0.0,0.0,0.0,0.0,0.0,0.0,0.548,0.0909,0.0,0.8653,0.3988,0.9878,0.0,0.0,1.0,0.0011,False,False,True,False,True,0.251,-0.1636,0,0.0,0,0,0,0.0,eye_closed,1
1784613675.3364,P001,195,35.46,0.64,19.17,32.79,95.08,32.98,25.49,20.79,0.0,0.0,0.0,0.0225,0.0,0.0,0.6159,0.0852,0.0,0.9106,0.398,0.9986,0.0,0.0,1.0,0.0001,False,False,True,False,True,0.173,-0.2093,0,0.0,0,0,0,0.0,eye_closed,1
1784613675.6148,P001,196,34.8,0.652,18.67,32.17,96.06,29.72,24.85,20.86,0.0,0.0,0.0,0.0,0.0,0.0,0.5875,0.0726,0.0,0.8916,0.3976,0.994,0.0,0.0,1.0,0.0005,False,False,True,False,True,0.1437,-0.1057,0,0.0,0,0,0,0.0,eye_closed,1
1784613676.0081,P001,197,34.48,0.671,18.67,31.72,96.48,27.57,24.9,20.92,0.0,0.0,0.0,0.0,0.0,0.0,0.5712,0.0861,0.0,0.8808,0.3968,0.9983,0.0,0.0,1.0,0.0001,False,False,True,False,True,0.1437,-0.1502,0,0.0,0,0,0,0.0,eye_closed,1
1784613676.5129,P001,198,34.02,0.686,18.67,30.53,97.04,25.2,24.77,20.99,0.0,0.0,0.0,0.0,0.0,0.0,0.518,0.1246,0.0,0.8453,0.3983,0.9876,0.0,0.0,1.0,0.0011,False,False,True,False,True,0.1409,-0.1568,0,0.0,0,0,0,0.0,eye_closed,1
1784613677.6051,P001,199,34.02,0.676,19.79,30.68,99.51,19.1,25.92,21.05,0.0,0.0,0.0,0.046,0.0,0.0,0.5336,0.1083,0.0,0.8557,0.3996,0.9854,0.0,0.0,1.0,0.0013,False,False,True,False,True,0.1398,-0.2291,0,0.0,0,0,0,0.0,eye_closed,1
1784613677.8724,P001,200,33.8,0.692,18.67,29.81,97.38,23.91,24.91,21.11,0.0,0.0,0.0,0.0,0.0,0.0,0.4836,0.1106,0.0,0.8224,0.397,0.9988,0.0,0.0,1.0,0.0001,False,False,True,False,True,0.1627,-0.1532,0,0.0,0,0,0,0.0,eye_closed,1
